video_id,frame_number,frame_time,video_width,video_height,left_eye_min_x,left_eye_max_x,left_eye_min_y,left_eye_max_y,left_eye_center_x,left_eye_center_y,left_eye_width,left_eye_height,right_eye_min_x,right_eye_max_x,right_eye_min_y,right_eye_max_y,right_eye_center_x,right_eye_center_y,right_eye_width,right_eye_height,nose_min_x,nose_max_x,nose_min_y,nose_max_y,nose_center_x,nose_center_y,nose_width,nose_height,mouth_min_x,mouth_max_x,mouth_min_y,mouth_max_y,mouth_center_x,mouth_center_y,mouth_width,mouth_height,left_cheek_min_x,left_cheek_max_x,left_cheek_min_y,left_cheek_max_y,left_cheek_center_x,left_cheek_center_y,left_cheek_width,left_cheek_height,right_cheek_min_x,right_cheek_max_x,right_cheek_min_y,right_cheek_max_y,right_cheek_center_x,right_cheek_center_y,right_cheek_width,right_cheek_height,forehead_min_x,forehead_max_x,forehead_min_y,forehead_max_y,forehead_center_x,forehead_center_y,forehead_width,forehead_height,chin_min_x,chin_max_x,chin_min_y,chin_max_y,chin_center_x,chin_center_y,chin_width,chin_height,left_ear_min_x,left_ear_max_x,left_ear_min_y,left_ear_max_y,left_ear_center_x,left_ear_center_y,left_ear_width,left_ear_height,right_ear_min_x,right_ear_max_x,right_ear_min_y,right_ear_max_y,right_ear_center_x,right_ear_center_y,right_ear_width,right_ear_height,face_outline_min_x,face_outline_max_x,face_outline_min_y,face_outline_max_y,face_outline_center_x,face_outline_center_y,face_outline_width,face_outline_height
kisi4video3,1,0.033,1088,720,447,515,273,308,481.0,290.5,68,35,566,631,284,318,598.5,301.0,65,34,492,576,308,422,534.0,365.0,84,114,472,586,439,477,529.0,458.0,114,38,404,518,308,429,461.0,368.5,114,121,552,662,295,464,607.0,379.5,110,169,413,565,176,336,489.0,256.0,152,160,408,680,337,557,544.0,447.0,272,220,369,692,272,562,530.5,417.0,323,290,556,674,175,562,615.0,368.5,118,387,369,694,147,577,531.5,362.0,325,430
kisi4video3,2,0.067,1088,720,446,515,273,308,480.5,290.5,69,35,565,631,284,318,598.0,301.0,66,34,492,577,308,422,534.5,365.0,85,114,472,587,439,477,529.5,458.0,115,38,404,518,309,429,461.0,369.0,114,120,552,662,295,464,607.0,379.5,110,169,412,564,176,336,488.0,256.0,152,160,408,681,337,556,544.5,446.5,273,219,368,693,271,562,530.5,416.5,325,291,557,674,174,562,615.5,368.0,117,388,368,694,147,576,531.0,361.5,326,429
kisi4video3,3,0.1,1088,720,446,515,273,308,480.5,290.5,69,35,565,631,284,318,598.0,301.0,66,34,491,577,308,422,534.0,365.0,86,114,472,587,440,477,529.5,458.5,115,37,404,518,309,429,461.0,369.0,114,120,552,662,295,464,607.0,379.5,110,169,412,564,175,336,488.0,255.5,152,161,408,681,337,556,544.5,446.5,273,219,368,693,271,561,530.5,416.0,325,290,557,674,174,562,615.5,368.0,117,388,368,694,147,576,531.0,361.5,326,429
kisi4video3,4,0.133,1088,720,446,515,273,308,480.5,290.5,69,35,565,630,284,318,597.5,301.0,65,34,491,577,308,422,534.0,365.0,86,114,471,587,439,477,529.0,458.0,116,38,403,517,309,429,460.0,369.0,114,120,552,662,295,464,607.0,379.5,110,169,412,564,176,336,488.0,256.0,152,160,407,680,337,556,543.5,446.5,273,219,368,692,271,561,530.0,416.0,324,290,556,674,174,561,615.0,367.5,118,387,368,694,147,576,531.0,361.5,326,429
kisi4video3,5,0.167,1088,720,446,515,274,309,480.5,291.5,69,35,564,630,285,318,597.0,301.5,66,33,491,577,307,422,534.0,364.5,86,115,471,587,440,477,529.0,458.5,116,37,402,517,309,429,459.5,369.0,115,120,552,662,295,463,607.0,379.0,110,168,411,563,176,336,487.0,256.0,152,160,407,680,336,556,543.5,446.0,273,220,367,692,271,561,529.5,416.0,325,290,557,673,175,561,615.0,368.0,116,386,367,693,147,576,530.0,361.5,326,429
kisi4video3,6,0.2,1088,720,445,514,274,309,479.5,291.5,69,35,564,630,285,318,597.0,301.5,66,33,491,576,307,422,533.5,364.5,85,115,472,587,440,478,529.5,459.0,115,38,402,517,310,430,459.5,370.0,115,120,551,662,295,463,606.5,379.0,111,168,411,563,176,337,487.0,256.5,152,161,407,680,337,556,543.5,446.5,273,219,367,692,273,560,529.5,416.5,325,287,557,673,175,561,615.0,368.0,116,386,367,693,147,576,530.0,361.5,326,429
kisi4video3,7,0.233,1088,720,445,513,274,309,479.0,291.5,68,35,563,629,285,319,596.0,302.0,66,34,489,575,308,423,532.0,365.5,86,115,471,585,440,478,528.0,459.0,114,38,402,516,309,429,459.0,369.0,114,120,550,661,296,464,605.5,380.0,111,168,411,562,176,337,486.5,256.5,151,161,407,680,336,557,543.5,446.5,273,221,367,692,271,562,529.5,416.5,325,291,556,673,175,562,614.5,368.5,117,387,367,693,147,577,530.0,362.0,326,430
kisi4video3,8,0.267,1088,720,445,513,274,310,479.0,292.0,68,36,563,629,285,318,596.0,301.5,66,33,489,575,308,423,532.0,365.5,86,115,471,585,441,478,528.0,459.5,114,37,402,516,310,430,459.0,370.0,114,120,550,661,296,464,605.5,380.0,111,168,410,562,176,337,486.0,256.5,152,161,407,680,336,557,543.5,446.5,273,221,367,691,271,562,529.0,416.5,324,291,556,673,175,562,614.5,368.5,117,387,367,693,147,577,530.0,362.0,326,430
kisi4video3,9,0.3,1088,720,444,512,274,309,478.0,291.5,68,35,562,628,284,318,595.0,301.0,66,34,488,573,307,422,530.5,364.5,85,115,470,584,439,477,527.0,458.0,114,38,401,515,309,429,458.0,369.0,114,120,548,662,295,463,605.0,379.0,114,168,410,561,175,336,485.5,255.5,151,161,406,680,336,556,543.0,446.0,274,220,367,692,271,562,529.5,416.5,325,291,555,673,174,562,614.0,368.0,118,388,367,693,147,576,530.0,361.5,326,429
kisi4video3,10,0.333,1088,720,443,511,273,308,477.0,290.5,68,35,561,627,284,318,594.0,301.0,66,34,487,572,307,422,529.5,364.5,85,115,469,583,439,476,526.0,457.5,114,37,401,512,308,429,456.5,368.5,111,121,547,661,295,463,604.0,379.0,114,168,409,559,175,336,484.0,255.5,150,161,405,680,336,556,542.5,446.0,275,220,367,691,270,561,529.0,415.5,324,291,554,672,174,561,613.0,367.5,118,387,367,692,146,576,529.5,361.0,325,430
kisi4video3,11,0.367,1088,720,441,509,273,307,475.0,290.0,68,34,560,625,284,317,592.5,300.5,65,33,486,571,306,421,528.5,363.5,85,115,468,582,439,476,525.0,457.5,114,37,400,511,308,428,455.5,368.0,111,120,546,660,294,463,603.0,378.5,114,169,408,557,174,335,482.5,254.5,149,161,405,679,335,554,542.0,444.5,274,219,366,690,271,558,528.0,414.5,324,287,553,671,173,560,612.0,366.5,118,387,366,691,146,574,528.5,360.0,325,428
kisi4video3,12,0.4,1088,720,439,507,273,307,473.0,290.0,68,34,557,623,283,316,590.0,299.5,66,33,484,568,306,421,526.0,363.5,84,115,466,580,438,476,523.0,457.0,114,38,399,509,308,427,454.0,367.5,110,119,543,658,294,462,600.5,378.0,115,168,406,554,174,335,480.0,254.5,148,161,404,679,335,554,541.5,444.5,275,219,365,690,269,559,527.5,414.0,325,290,551,670,173,560,610.5,366.5,119,387,365,690,145,574,527.5,359.5,325,429
kisi4video3,13,0.433,1088,720,436,503,272,306,469.5,289.0,67,34,554,620,283,316,587.0,299.5,66,33,479,563,305,420,521.0,362.5,84,115,462,576,438,475,519.0,456.5,114,37,396,504,307,426,450.0,366.5,108,119,539,656,293,462,597.5,377.5,117,169,403,550,173,334,476.5,253.5,147,161,400,679,335,552,539.5,443.5,279,217,364,689,270,556,526.5,413.0,325,286,548,669,172,558,608.5,365.0,121,386,364,689,144,572,526.5,358.0,325,428
kisi4video3,14,0.467,1088,720,432,498,272,307,465.0,289.5,66,35,549,616,282,316,582.5,299.0,67,34,474,557,305,420,515.5,362.5,83,115,458,572,436,475,515.0,455.5,114,39,394,500,306,425,447.0,365.5,106,119,535,654,293,463,594.5,378.0,119,170,400,545,174,334,472.5,254.0,145,160,398,678,337,551,538.0,444.0,280,214,363,688,272,557,525.5,414.5,325,285,543,668,173,559,605.5,366.0,125,386,363,688,146,572,525.5,359.0,325,426
kisi4video3,15,0.5,1088,720,426,492,272,306,459.0,289.0,66,34,544,611,283,316,577.5,299.5,67,33,470,549,308,418,509.5,363.0,79,110,455,565,436,475,510.0,455.5,110,39,390,495,306,425,442.5,365.5,105,119,529,650,293,464,589.5,378.5,121,171,397,538,175,333,467.5,254.0,141,158,396,677,339,549,536.5,444.0,281,210,360,686,273,556,523.0,414.5,326,283,538,666,174,559,602.0,366.5,128,385,360,686,146,570,523.0,358.0,326,424
kisi4video3,16,0.533,1088,720,421,486,274,305,453.5,289.5,65,31,537,603,285,316,570.0,300.5,66,31,463,542,305,416,502.5,360.5,79,111,450,558,436,474,504.0,455.0,108,38,388,486,306,423,437.0,364.5,98,117,521,647,293,463,584.0,378.0,126,170,393,531,176,333,462.0,254.5,138,157,393,677,340,547,535.0,443.5,284,207,360,685,276,552,522.5,414.0,325,276,533,665,176,555,599.0,365.5,132,379,360,685,149,567,522.5,358.0,325,418
kisi4video3,17,0.567,1088,720,416,482,274,306,449.0,290.0,66,32,531,598,285,317,564.5,301.0,67,32,457,536,306,417,496.5,361.5,79,111,444,552,436,475,498.0,455.5,108,39,385,480,306,422,432.5,364.0,95,116,515,642,294,463,578.5,378.5,127,169,391,523,177,333,457.0,255.0,132,156,390,674,342,542,532.0,442.0,284,200,361,682,276,549,521.5,412.5,321,273,526,663,177,552,594.5,364.5,137,375,360,682,151,562,521.0,356.5,322,411
kisi4video3,18,0.6,1088,720,413,477,274,305,445.0,289.5,64,31,525,591,285,317,558.0,301.0,66,32,451,528,307,415,489.5,361.0,77,108,439,547,435,475,493.0,455.0,108,40,384,474,305,421,429.0,363.0,90,116,508,637,294,464,572.5,379.0,129,170,388,517,180,331,452.5,255.5,129,151,387,672,343,541,529.5,442.0,285,198,362,679,277,548,520.5,412.5,317,271,521,661,178,552,591.0,365.0,140,374,361,679,153,561,520.0,357.0,318,408
kisi4video3,19,0.633,1088,720,408,471,273,304,439.5,288.5,63,31,520,586,285,316,553.0,300.5,66,31,444,522,305,415,483.0,360.0,78,110,434,541,435,474,487.5,454.5,107,39,380,467,304,420,423.5,362.0,87,116,503,634,293,464,568.5,378.5,131,171,384,510,176,332,447.0,254.0,126,156,384,669,341,541,526.5,441.0,285,200,362,676,276,548,519.0,412.0,314,272,516,658,177,552,587.0,364.5,142,375,360,676,150,561,518.0,355.5,316,411
kisi4video3,20,0.667,1088,720,404,467,272,304,435.5,288.0,63,32,515,582,285,316,548.5,300.5,67,31,438,516,304,415,477.0,359.5,78,111,429,536,435,474,482.5,454.5,107,39,377,462,303,419,419.5,361.0,85,116,498,630,293,465,564.0,379.0,132,172,381,505,176,331,443.0,253.5,124,155,382,668,342,541,525.0,441.5,286,199,361,675,276,548,518.0,412.0,314,272,511,658,176,553,584.5,364.5,147,377,358,675,148,562,516.5,355.0,317,414
kisi4video3,21,0.7,1088,720,399,461,272,304,430.0,288.0,62,32,510,577,284,316,543.5,300.0,67,32,433,509,306,413,471.0,359.5,76,107,425,533,433,472,479.0,452.5,108,39,374,457,303,419,415.5,361.0,83,116,491,629,293,464,560.0,378.5,138,171,378,497,179,330,437.5,254.5,119,151,381,666,343,541,523.5,442.0,285,198,361,672,276,548,516.5,412.0,311,272,506,656,176,553,581.0,364.5,150,377,357,672,152,561,514.5,356.5,315,409
kisi4video3,22,0.733,1088,720,394,455,272,303,424.5,287.5,61,31,503,569,284,315,536.0,299.5,66,31,427,502,304,413,464.5,358.5,75,109,421,527,434,472,474.0,453.0,106,38,371,450,303,418,410.5,360.5,79,115,485,625,292,464,555.0,378.0,140,172,374,490,179,330,432.0,254.5,116,151,376,663,341,541,519.5,441.0,287,200,358,669,275,548,513.5,411.5,311,273,502,652,177,553,577.0,365.0,150,376,353,669,152,561,511.0,356.5,316,409
kisi4video3,23,0.767,1088,720,389,450,272,304,419.5,288.0,61,32,497,563,284,315,530.0,299.5,66,31,422,492,303,413,457.0,358.0,70,110,416,521,433,471,468.5,452.0,105,38,370,444,303,418,407.0,360.5,74,115,477,623,291,467,550.0,379.0,146,176,371,482,178,330,426.5,254.0,111,152,375,662,344,542,518.5,443.0,287,198,361,666,278,549,513.5,413.5,305,271,496,652,177,554,574.0,365.5,156,377,352,667,151,562,509.5,356.5,315,411
kisi4video3,24,0.8,1088,720,383,443,272,304,413.0,288.0,60,32,490,558,284,315,524.0,299.5,68,31,415,484,302,413,449.5,357.5,69,111,411,512,432,471,461.5,451.5,101,39,368,437,303,417,402.5,360.0,69,114,470,619,290,467,544.5,378.5,149,177,366,474,179,330,420.0,254.5,108,151,372,659,345,542,515.5,443.5,287,197,359,664,279,549,511.5,414.0,305,270,489,649,178,555,569.0,366.5,160,377,349,665,153,562,507.0,357.5,316,409
kisi4video3,25,0.833,1088,720,379,437,273,304,408.0,288.5,58,31,485,552,284,316,518.5,300.0,67,32,408,477,303,414,442.5,358.5,69,111,405,505,431,471,455.0,451.0,100,40,365,431,304,415,398.0,359.5,66,111,464,615,290,467,539.5,378.5,151,177,362,467,180,330,414.5,255.0,105,150,370,656,347,539,513.0,443.0,286,192,357,660,280,546,508.5,413.0,303,266,484,646,178,553,565.0,365.5,162,375,346,661,154,560,503.5,357.0,315,406
kisi4video3,26,0.867,1088,720,373,430,272,302,401.5,287.0,57,30,477,543,284,314,510.0,299.0,66,30,401,470,302,412,435.5,357.0,69,110,399,499,430,470,449.0,450.0,100,40,358,424,302,413,391.0,357.5,66,111,455,612,289,465,533.5,377.0,157,176,357,461,181,328,409.0,254.5,104,147,363,654,346,537,508.5,441.5,291,191,351,657,280,544,504.0,412.0,306,264,477,644,179,551,560.5,365.0,167,372,342,658,154,558,500.0,356.0,316,404
kisi4video3,27,0.9,1088,720,370,424,272,302,397.0,287.0,54,30,469,535,284,313,502.0,298.5,66,29,392,460,299,413,426.0,356.0,68,114,392,493,429,469,442.5,449.0,101,40,356,417,302,413,386.5,357.5,61,111,447,608,288,465,527.5,376.5,161,177,355,452,179,327,403.5,253.0,97,148,359,652,346,538,505.5,442.0,293,192,353,654,280,545,503.5,412.5,301,265,469,641,177,552,555.0,364.5,172,375,340,655,152,559,497.5,355.5,315,407
kisi4video3,28,0.933,1088,720,366,417,272,301,391.5,286.5,51,29,463,527,283,311,495.0,297.0,64,28,386,452,300,410,419.0,355.0,66,110,387,487,429,468,437.0,448.5,100,39,352,411,302,413,381.5,357.5,59,111,441,604,287,465,522.5,376.0,163,178,350,445,179,327,397.5,253.0,95,148,356,649,345,536,502.5,440.5,293,191,349,651,280,543,500.0,411.5,302,263,466,639,176,550,552.5,363.0,173,374,336,653,153,557,494.5,355.0,317,404
kisi4video3,29,0.967,1088,720,363,413,272,303,388.0,287.5,50,31,456,520,283,312,488.0,297.5,64,29,378,445,300,409,411.5,354.5,67,109,382,480,427,466,431.0,446.5,98,39,350,406,303,412,378.0,357.5,56,109,434,600,287,463,517.0,375.0,166,176,348,437,181,328,392.5,254.5,89,147,353,646,345,535,499.5,440.0,293,190,351,646,280,542,498.5,411.0,295,262,459,636,177,549,547.5,363.0,177,372,333,649,156,555,491.0,355.5,316,399
kisi4video3,30,1.0,1088,720,359,406,271,301,382.5,286.0,47,30,450,512,283,311,481.0,297.0,62,28,370,436,298,409,403.0,353.5,66,111,376,472,427,466,424.0,446.5,96,39,348,400,301,412,374.0,356.5,52,111,427,596,286,464,511.5,375.0,169,178,346,430,177,326,388.0,251.5,84,149,352,643,346,535,497.5,440.5,291,189,350,642,279,542,496.0,410.5,292,263,452,633,174,549,542.5,361.5,181,375,331,646,151,556,488.5,353.5,315,405
kisi4video3,31,1.033,1088,720,355,399,270,301,377.0,285.5,44,31,442,503,282,310,472.5,296.0,61,28,362,427,297,407,394.5,352.0,65,110,370,464,426,464,417.0,445.0,94,38,346,393,301,411,369.5,356.0,47,110,419,590,285,463,504.5,374.0,171,178,343,421,177,326,382.0,251.5,78,149,349,640,345,534,494.5,439.5,291,189,352,638,278,541,495.0,409.5,286,263,444,631,173,549,537.5,361.0,187,376,328,643,151,555,485.5,353.0,315,404
kisi4video3,32,1.067,1088,720,350,394,271,302,372.0,286.5,44,31,435,495,282,310,465.0,296.0,60,28,356,420,296,405,388.0,350.5,64,109,365,455,422,460,410.0,441.0,90,38,342,388,301,410,365.0,355.5,46,109,413,581,284,462,497.0,373.0,168,178,340,416,179,326,378.0,252.5,76,147,345,630,346,532,487.5,439.0,285,186,349,630,279,539,489.5,409.0,281,260,436,623,175,547,529.5,361.0,187,372,325,635,154,552,480.0,353.0,310,398
kisi4video3,33,1.1,1088,720,347,389,270,301,368.0,285.5,42,31,429,488,280,309,458.5,294.5,59,29,349,412,295,404,380.5,349.5,63,109,361,449,423,460,405.0,441.5,88,37,341,383,303,410,362.0,356.5,42,107,406,578,283,460,492.0,371.5,172,177,336,405,178,326,370.5,252.0,69,148,344,628,343,532,486.0,437.5,284,189,350,626,276,539,488.0,407.5,276,263,433,620,173,547,526.5,360.0,187,374,320,632,154,552,476.0,353.0,312,398
kisi4video3,34,1.133,1088,720,342,382,269,300,362.0,284.5,40,31,422,481,280,308,451.5,294.0,59,28,341,405,294,402,373.0,348.0,64,108,356,442,423,460,399.0,441.5,86,37,337,376,301,409,356.5,355.0,39,108,399,571,282,461,485.0,371.5,172,179,331,398,178,324,364.5,251.0,67,146,341,623,346,532,482.0,439.0,282,186,348,621,278,539,484.5,408.5,273,261,426,615,173,546,520.5,359.5,189,373,317,627,153,552,472.0,352.5,310,399
kisi4video3,35,1.167,1088,720,340,378,268,299,359.0,283.5,38,31,416,473,278,307,444.5,292.5,57,29,337,398,296,403,367.5,349.5,61,107,352,438,421,457,395.0,439.0,86,36,335,373,301,408,354.0,354.5,38,107,392,569,282,459,480.5,370.5,177,177,326,390,182,323,358.0,252.5,64,141,339,620,342,530,479.5,436.0,281,188,349,615,275,537,482.0,406.0,266,262,422,611,173,546,516.5,359.5,189,373,312,623,156,550,467.5,353.0,311,394
kisi4video3,36,1.2,1088,720,340,376,269,301,358.0,285.0,36,32,413,469,278,308,441.0,293.0,56,30,334,394,297,403,364.0,350.0,60,106,350,433,422,457,391.5,439.5,83,35,335,371,303,409,353.0,356.0,36,106,388,566,284,457,477.0,370.5,178,173,324,383,186,324,353.5,255.0,59,138,339,615,340,530,477.0,435.0,276,190,349,611,274,537,480.0,405.5,262,263,419,607,176,544,513.0,360.0,188,368,309,619,162,549,464.0,355.5,310,387
kisi4video3,37,1.233,1088,720,335,371,269,300,353.0,284.5,36,31,408,464,279,308,436.0,293.5,56,29,329,389,296,402,359.0,349.0,60,106,347,431,421,457,389.0,439.0,84,36,330,366,302,409,348.0,355.5,36,107,383,561,283,459,472.0,371.0,178,176,321,380,183,323,350.5,253.0,59,140,337,611,344,530,474.0,437.0,274,186,344,609,276,537,476.5,406.5,265,261,415,604,175,544,509.5,359.5,189,369,305,616,159,549,460.5,354.0,311,390
kisi4video3,38,1.267,1088,720,335,369,270,300,352.0,285.0,34,30,405,459,279,308,432.0,293.5,54,29,328,385,297,402,356.5,349.5,57,105,348,427,422,458,387.5,440.0,79,36,331,365,304,409,348.0,356.5,34,105,380,556,284,460,468.0,372.0,176,176,320,375,188,324,347.5,256.0,55,136,339,605,344,530,472.0,437.0,266,186,347,601,277,537,474.0,407.0,254,260,412,599,178,544,505.5,361.0,187,366,305,610,164,549,457.5,356.5,305,385
kisi4video3,39,1.3,1088,720,334,368,272,302,351.0,287.0,34,30,401,456,280,309,428.5,294.5,55,29,325,382,298,402,353.5,350.0,57,104,346,424,422,459,385.0,440.5,78,37,329,363,306,412,346.0,359.0,34,106,376,556,286,458,466.0,372.0,180,172,319,371,191,326,345.0,258.5,52,135,334,604,341,532,469.0,436.5,270,191,343,598,275,539,470.5,407.0,255,264,410,596,179,546,503.0,362.5,186,367,303,607,167,551,455.0,359.0,304,384
kisi4video3,40,1.333,1088,720,333,365,273,303,349.0,288.0,32,30,399,451,281,310,425.0,295.5,52,29,324,380,299,403,352.0,351.0,56,104,344,421,423,459,382.5,441.0,77,36,328,361,307,413,344.5,360.0,33,106,374,551,287,459,462.5,373.0,177,172,318,369,191,327,343.5,259.0,51,136,334,598,343,532,466.0,437.5,264,189,343,593,276,539,468.0,407.5,250,263,406,592,179,546,499.0,362.5,186,367,303,603,166,551,453.0,358.5,300,385
kisi4video3,41,1.367,1088,720,331,363,274,304,347.0,289.0,32,30,396,448,281,310,422.0,295.5,52,29,322,377,299,403,349.5,351.0,55,104,344,420,422,459,382.0,440.5,76,37,326,359,308,413,342.5,360.5,33,105,372,545,287,458,458.5,372.5,173,171,316,366,192,328,341.0,260.0,50,136,333,593,344,532,463.0,438.0,260,188,343,587,276,539,465.0,407.5,244,263,404,585,179,546,494.5,362.5,181,367,302,596,167,551,449.0,359.0,294,384
kisi4video3,42,1.4,1088,720,327,359,274,304,343.0,289.0,32,30,393,445,281,310,419.0,295.5,52,29,319,376,300,404,347.5,352.0,57,104,340,418,424,460,379.0,442.0,78,36,324,356,308,414,340.0,361.0,32,106,369,546,287,457,457.5,372.0,177,170,312,362,190,328,337.0,259.0,50,138,333,592,340,531,462.5,435.5,259,191,343,584,273,538,463.5,405.5,241,265,402,584,176,545,493.0,360.5,182,369,298,595,165,550,446.5,357.5,297,385
kisi4video3,43,1.433,1088,720,325,358,276,306,341.5,291.0,33,30,391,444,281,311,417.5,296.0,53,30,317,372,301,402,344.5,351.5,55,101,343,417,424,460,380.0,442.0,74,36,323,354,309,415,338.5,362.0,31,106,366,543,289,459,454.5,374.0,177,170,311,360,194,330,335.5,262.0,49,136,332,586,347,530,459.0,438.5,254,183,342,580,279,538,461.0,408.5,238,259,400,579,180,545,489.5,362.5,179,365,297,590,170,549,443.5,359.5,293,379
kisi4video3,44,1.467,1088,720,326,359,276,306,342.5,291.0,33,30,391,444,281,312,417.5,296.5,53,31,316,371,301,401,343.5,351.0,55,100,342,415,424,458,378.5,441.0,73,34,322,354,309,415,338.0,362.0,32,106,366,543,288,458,454.5,373.0,177,170,311,359,195,330,335.0,262.5,48,135,331,587,348,529,459.0,438.5,256,181,337,582,282,536,459.5,409.0,245,254,399,580,181,544,489.5,362.5,181,363,295,591,171,548,443.0,359.5,296,377
kisi4video3,45,1.5,1088,720,325,358,276,305,341.5,290.5,33,29,391,445,281,311,418.0,296.0,54,30,316,371,298,402,343.5,350.0,55,104,343,416,424,458,379.5,441.0,73,34,322,354,309,415,338.0,362.0,32,106,366,544,288,458,455.0,373.0,178,170,311,359,193,329,335.0,261.0,48,136,330,590,349,529,460.0,439.0,260,180,335,585,283,536,460.0,409.5,250,253,400,582,181,544,491.0,362.5,182,363,296,593,169,548,444.5,358.5,297,379
kisi4video3,46,1.533,1088,720,326,358,276,304,342.0,290.0,32,28,391,445,281,311,418.0,296.0,54,30,315,370,298,402,342.5,350.0,55,104,343,416,424,458,379.5,441.0,73,34,323,354,308,416,338.5,362.0,31,108,366,545,287,458,455.5,372.5,179,171,310,358,194,329,334.0,261.5,48,135,331,591,348,530,461.0,439.0,260,182,336,585,282,537,460.5,409.5,249,255,400,583,182,545,491.5,363.5,183,363,293,595,170,549,444.0,359.5,302,379
kisi4video3,47,1.567,1088,720,325,359,277,306,342.0,291.5,34,29,393,448,281,311,420.5,296.0,55,30,319,374,302,402,346.5,352.0,55,100,342,419,425,460,380.5,442.5,77,35,323,355,310,417,339.0,363.5,32,107,368,546,289,458,457.0,373.5,178,169,311,362,196,331,336.5,263.5,51,135,330,590,343,532,460.0,437.5,260,189,336,585,277,539,460.5,408.0,249,262,403,582,182,546,492.5,364.0,179,364,298,593,171,550,445.5,360.5,295,379
kisi4video3,48,1.6,1088,720,325,361,274,304,343.0,289.0,36,30,396,451,281,311,423.5,296.0,55,30,322,379,300,404,350.5,352.0,57,104,344,422,425,460,383.0,442.5,78,35,324,357,308,413,340.5,360.5,33,105,371,549,287,458,460.0,372.5,178,171,311,365,192,328,338.0,260.0,54,136,333,594,343,532,463.5,437.5,261,189,338,590,277,539,464.0,408.0,252,262,406,586,181,545,496.0,363.0,180,364,296,598,168,551,447.0,359.5,302,383
kisi4video3,49,1.633,1088,720,329,364,275,304,346.5,289.5,35,29,400,457,281,311,428.5,296.0,57,30,324,384,300,405,354.0,352.5,60,105,345,428,426,462,386.5,444.0,83,36,325,359,309,413,342.0,361.0,34,104,376,553,288,458,464.5,373.0,177,170,312,369,192,329,340.5,260.5,57,137,336,600,344,530,468.0,437.0,264,186,340,596,280,536,468.0,408.0,256,256,412,593,181,544,502.5,362.5,181,363,295,606,169,548,450.5,358.5,311,379
kisi4video3,50,1.667,1088,720,330,370,275,304,350.0,289.5,40,29,406,463,281,311,434.5,296.0,57,30,332,394,300,407,363.0,353.5,62,107,349,435,427,463,392.0,445.0,86,36,324,364,308,414,344.0,361.0,40,106,383,560,288,458,471.5,373.0,177,170,315,377,191,328,346.0,259.5,62,137,335,605,342,532,470.0,437.0,270,190,334,600,277,539,467.0,408.0,266,262,420,596,180,545,508.0,362.5,176,365,298,609,167,551,453.5,359.0,311,384
kisi4video3,51,1.7,1088,720,333,376,275,305,354.5,290.0,43,30,413,475,281,310,444.0,295.5,62,29,337,402,300,407,369.5,353.5,65,107,354,443,429,465,398.5,447.0,89,36,327,369,308,415,348.0,361.5,42,107,389,570,287,460,479.5,373.5,181,173,317,382,183,330,349.5,256.5,65,147,338,617,339,537,477.5,438.0,279,198,339,611,272,544,475.0,408.0,272,272,429,607,172,550,518.0,361.0,178,378,300,621,159,556,460.5,357.5,321,397
kisi4video3,52,1.733,1088,720,336,383,273,305,359.5,289.0,47,32,422,487,278,308,454.5,293.0,65,30,346,412,299,407,379.0,353.0,66,108,359,455,429,465,407.0,447.0,96,36,329,376,308,416,352.5,362.0,47,108,398,577,287,458,487.5,372.5,179,171,322,392,182,330,357.0,256.0,70,148,339,621,337,538,480.0,437.5,282,201,336,617,271,545,476.5,408.0,281,274,439,610,172,550,524.5,361.0,171,378,304,625,158,557,464.5,357.5,321,399
kisi4video3,53,1.767,1088,720,342,392,273,304,367.0,288.5,50,31,431,499,278,308,465.0,293.0,68,30,355,422,298,408,388.5,353.0,67,110,366,464,429,466,415.0,447.5,98,37,333,384,308,416,358.5,362.0,51,108,408,585,286,458,496.5,372.0,177,172,327,404,181,330,365.5,255.5,77,149,343,628,337,537,485.5,437.0,285,200,339,624,271,544,481.5,407.5,285,273,445,617,171,549,531.0,360.0,172,378,310,632,156,556,471.0,356.0,322,400
kisi4video3,54,1.8,1088,720,346,399,273,305,372.5,289.0,53,32,441,509,277,308,475.0,292.5,68,31,366,434,300,410,400.0,355.0,68,110,371,476,430,466,423.5,448.0,105,36,335,392,307,416,363.5,361.5,57,109,419,592,287,457,505.5,372.0,173,170,330,415,180,330,372.5,255.0,85,150,346,632,335,536,489.0,435.5,286,201,336,629,269,543,482.5,406.0,293,274,454,621,170,548,537.5,359.0,167,378,313,636,156,555,474.5,355.5,323,399
kisi4video3,55,1.833,1088,720,350,406,273,306,378.0,289.5,56,33,451,519,277,309,485.0,293.0,68,32,376,444,303,410,410.0,356.5,68,107,382,483,431,467,432.5,449.0,101,36,338,399,309,418,368.5,363.5,61,109,428,599,288,457,513.5,372.5,171,169,334,423,183,332,378.5,257.5,89,149,352,638,334,537,495.0,435.5,286,203,338,634,268,544,486.0,406.0,296,276,465,626,170,549,545.5,359.5,161,379,318,642,159,556,480.0,357.5,324,397
kisi4video3,56,1.867,1088,720,354,412,273,306,383.0,289.5,58,33,458,531,278,309,494.5,293.5,73,31,384,454,301,411,419.0,356.0,70,110,387,493,433,469,440.0,451.0,106,36,341,406,309,420,373.5,364.5,65,111,436,605,288,458,520.5,373.0,169,170,336,432,177,333,384.0,255.0,96,156,357,642,334,538,499.5,436.0,285,204,339,641,267,546,490.0,406.5,302,279,473,630,169,549,551.5,359.0,157,380,318,646,153,558,482.0,355.5,328,405
kisi4video3,57,1.9,1088,720,361,419,273,307,390.0,290.0,58,34,466,536,277,309,501.0,293.0,70,32,392,462,300,414,427.0,357.0,70,114,394,500,433,469,447.0,451.0,106,36,346,413,309,419,379.5,364.0,67,110,445,606,288,458,525.5,373.0,161,170,342,440,176,333,391.0,254.5,98,157,362,643,332,539,502.5,435.5,281,207,341,643,266,546,492.0,406.0,302,280,478,630,167,550,554.0,358.5,152,383,322,647,152,558,484.5,355.0,325,406
kisi4video3,58,1.933,1088,720,367,426,274,306,396.5,290.0,59,32,474,543,279,308,508.5,293.5,69,29,399,472,300,414,435.5,357.0,73,114,401,507,434,469,454.0,451.5,106,35,351,421,307,421,386.0,364.0,70,114,453,612,288,459,532.5,373.5,159,171,348,449,174,333,398.5,253.5,101,159,365,647,332,540,506.0,436.0,282,208,344,647,266,547,495.5,406.5,303,281,486,634,166,552,560.0,359.0,148,386,326,651,150,559,488.5,354.5,325,409
kisi4video3,59,1.967,1088,720,372,433,274,307,402.5,290.5,61,33,481,551,279,309,516.0,294.0,70,30,407,481,302,413,444.0,357.5,74,111,407,513,435,468,460.0,451.5,106,33,353,428,308,422,390.5,365.0,75,114,460,615,289,459,537.5,374.0,155,170,351,459,176,333,405.0,254.5,108,157,367,650,332,540,508.5,436.0,283,208,344,651,266,547,497.5,406.5,307,281,492,637,168,551,564.5,359.5,145,383,330,654,152,559,492.0,355.5,324,407
kisi4video3,60,2.0,1088,720,378,439,275,307,408.5,291.0,61,32,488,557,281,310,522.5,295.5,69,29,414,489,302,413,451.5,357.5,75,111,412,521,436,470,466.5,453.0,109,34,357,435,309,424,396.0,366.5,78,115,468,619,289,459,543.5,374.0,151,170,356,466,174,334,411.0,254.0,110,160,371,652,332,540,511.5,436.0,281,208,345,655,265,547,500.0,406.0,310,282,499,639,167,551,569.0,359.0,140,384,333,657,150,559,495.0,354.5,324,409
kisi4video3,61,2.033,1088,720,387,445,281,306,416.0,293.5,58,25,495,560,286,310,527.5,298.0,65,24,420,498,301,412,459.0,356.5,78,111,417,527,435,470,472.0,452.5,110,35,360,443,311,425,401.5,368.0,83,114,475,622,289,459,548.5,374.0,147,170,362,473,176,334,417.5,255.0,111,158,375,654,337,539,514.5,438.0,279,202,346,657,271,546,501.5,408.5,311,275,504,641,170,550,572.5,360.0,137,380,336,659,152,559,497.5,355.5,323,407
kisi4video3,62,2.067,1088,720,392,451,277,305,421.5,291.0,59,28,502,568,281,308,535.0,294.5,66,27,427,506,300,410,466.5,355.0,79,110,422,532,435,469,477.0,452.0,110,34,364,449,310,424,406.5,367.0,85,114,483,624,288,457,553.5,372.5,141,169,367,482,173,333,424.5,253.0,115,160,379,655,335,538,517.0,436.5,276,203,348,660,267,546,504.0,406.5,312,279,510,642,167,550,576.0,358.5,132,383,340,661,149,558,500.5,353.5,321,409
kisi4video3,63,2.1,1088,720,395,456,275,304,425.5,289.5,61,29,507,573,279,308,540.0,293.5,66,29,432,511,299,410,471.5,354.5,79,111,426,536,435,470,481.0,452.5,110,35,367,454,309,424,410.5,366.5,87,115,488,626,288,457,557.0,372.5,138,169,371,488,172,332,429.5,252.0,117,160,379,658,333,540,518.5,436.5,279,207,348,662,267,547,505.0,407.0,314,280,514,644,167,550,579.0,358.5,130,383,342,663,148,559,502.5,353.5,321,411
kisi4video3,64,2.133,1088,720,398,460,274,304,429.0,289.0,62,30,511,578,278,307,544.5,292.5,67,29,438,517,297,411,477.5,354.0,79,114,429,543,436,469,486.0,452.5,114,33,369,459,309,424,414.0,366.5,90,115,493,628,287,456,560.5,371.5,135,169,373,493,171,332,433.0,251.5,120,161,383,658,332,540,520.5,436.0,275,208,348,663,266,546,505.5,406.0,315,280,519,645,166,549,582.0,357.5,126,383,343,664,146,560,503.5,353.0,321,414
kisi4video3,65,2.167,1088,720,402,465,274,304,433.5,289.0,63,30,515,583,278,308,549.0,293.0,68,30,443,523,299,410,483.0,354.5,80,111,434,549,436,470,491.5,453.0,115,34,371,465,309,425,418.0,367.0,94,116,498,629,287,457,563.5,372.0,131,170,376,500,171,332,438.0,251.5,124,161,386,659,333,541,522.5,437.0,273,208,349,664,266,547,506.5,406.5,315,281,524,645,166,550,584.5,358.0,121,384,344,665,146,561,504.5,353.5,321,415
kisi4video3,66,2.2,1088,720,405,469,274,304,437.0,289.0,64,30,520,586,277,307,553.0,292.0,66,30,449,527,302,411,488.0,356.5,78,109,438,552,435,470,495.0,452.5,114,35,373,471,310,426,422.0,368.0,98,116,503,632,288,456,567.5,372.0,129,168,378,504,173,332,441.0,252.5,126,159,387,661,331,541,524.0,436.0,274,210,348,666,265,547,507.0,406.0,318,282,529,648,166,550,588.5,358.0,119,384,345,668,149,560,506.5,354.5,323,411
kisi4video3,67,2.233,1088,720,408,472,274,305,440.0,289.5,64,31,525,591,276,306,558.0,291.0,66,30,452,532,301,410,492.0,355.5,80,109,442,556,435,469,499.0,452.0,114,34,375,474,310,428,424.5,369.0,99,118,508,635,287,456,571.5,371.5,127,169,380,509,171,333,444.5,252.0,129,162,389,663,332,543,526.0,437.5,274,211,347,669,266,549,508.0,407.5,322,283,532,649,166,551,590.5,358.5,117,385,345,669,146,563,507.0,354.5,324,417
kisi4video3,68,2.267,1088,720,412,476,274,304,444.0,289.0,64,30,529,595,277,307,562.0,292.0,66,30,457,537,300,411,497.0,355.5,80,111,448,559,435,469,503.5,452.0,111,34,376,480,310,427,428.0,368.5,104,117,513,638,287,455,575.5,371.0,125,168,383,514,172,333,448.5,252.5,131,161,390,665,332,543,527.5,437.5,275,211,348,671,266,549,509.5,407.5,323,283,536,651,166,551,593.5,358.5,115,385,346,671,147,563,508.5,355.0,325,416
kisi4video3,69,2.3,1088,720,416,480,274,304,448.0,289.0,64,30,533,598,277,307,565.5,292.0,65,30,459,542,300,410,500.5,355.0,83,110,448,564,435,470,506.0,452.5,116,35,378,483,310,427,430.5,368.5,105,117,516,640,287,456,578.0,371.5,124,169,384,519,171,332,451.5,251.5,135,161,392,667,332,545,529.5,438.5,275,213,348,674,266,551,511.0,408.5,326,285,538,653,166,553,595.5,359.5,115,387,347,674,146,565,510.5,355.5,327,419
kisi4video3,70,2.333,1088,720,420,484,273,303,452.0,288.0,64,30,537,601,276,306,569.0,291.0,64,30,464,548,299,410,506.0,354.5,84,111,452,568,434,468,510.0,451.0,116,34,382,488,309,428,435.0,368.5,106,119,522,641,286,454,581.5,370.0,119,168,388,525,169,331,456.5,250.0,137,162,394,667,331,545,530.5,438.0,273,214,350,674,265,550,512.0,407.5,324,285,542,652,164,552,597.0,358.0,110,388,349,674,144,565,511.5,354.5,325,421
kisi4video3,71,2.367,1088,720,424,488,272,302,456.0,287.0,64,30,542,605,275,305,573.5,290.0,63,30,469,553,299,408,511.0,353.5,84,109,457,572,433,467,514.5,450.0,115,34,385,493,308,428,439.0,368.0,108,120,527,644,285,453,585.5,369.0,117,168,392,530,169,330,461.0,249.5,138,161,396,667,332,546,531.5,439.0,271,214,351,674,265,551,512.5,408.0,323,286,547,653,164,552,600.0,358.0,106,388,350,674,143,567,512.0,355.0,324,424
kisi4video3,72,2.4,1088,720,427,493,271,301,460.0,286.0,66,30,546,609,274,304,577.5,289.0,63,30,474,559,295,409,516.5,352.0,85,114,460,576,433,467,518.0,450.0,116,34,387,498,307,427,442.5,367.0,111,120,531,647,284,452,589.0,368.0,116,168,394,535,167,330,464.5,248.5,141,163,398,668,329,546,533.0,437.5,270,217,352,676,264,549,514.0,406.5,324,285,552,653,163,551,602.5,357.0,101,388,351,676,141,566,513.5,353.5,325,425
kisi4video3,73,2.433,1088,720,431,497,270,300,464.0,285.0,66,30,551,614,275,304,582.5,289.5,63,29,479,564,295,410,521.5,352.5,85,115,464,579,433,466,521.5,449.5,115,33,389,504,307,427,446.5,367.0,115,120,536,650,284,452,593.0,368.0,114,168,397,542,166,329,469.5,247.5,145,163,401,670,329,543,535.5,436.0,269,214,354,678,263,548,516.0,405.5,324,285,555,655,163,549,605.0,356.0,100,386,353,678,139,564,515.5,351.5,325,425
kisi4video3,74,2.467,1088,720,437,504,270,300,470.5,285.0,67,30,556,618,275,304,587.0,289.5,62,29,484,569,294,409,526.5,351.5,85,115,469,584,432,466,526.5,449.0,115,34,392,509,306,426,450.5,366.0,117,120,543,652,284,451,597.5,367.5,109,167,401,548,164,330,474.5,247.0,147,166,404,669,329,540,536.5,434.5,265,211,355,679,263,545,517.0,404.0,324,282,558,656,163,547,607.0,355.0,98,384,355,679,139,560,517.0,349.5,324,421
kisi4video3,75,2.5,1088,720,443,510,269,300,476.5,284.5,67,31,562,624,274,304,593.0,289.0,62,30,490,577,293,408,533.5,350.5,87,115,474,589,432,466,531.5,449.0,115,34,397,516,306,426,456.5,366.0,119,120,549,655,283,450,602.0,366.5,106,167,406,555,165,328,480.5,246.5,149,163,408,670,328,540,539.0,434.0,262,212,358,680,262,544,519.0,403.0,322,282,563,659,162,546,611.0,354.0,96,384,358,681,139,560,519.5,349.5,323,421
kisi4video3,76,2.533,1088,720,448,515,269,299,481.5,284.0,67,30,567,628,273,303,597.5,288.0,61,30,496,583,292,407,539.5,349.5,87,115,478,594,432,466,536.0,449.0,116,34,401,521,305,426,461.0,365.5,120,121,555,659,282,450,607.0,366.0,104,168,410,562,162,328,486.0,245.0,152,166,410,671,327,540,540.5,433.5,261,213,360,682,262,544,521.0,403.0,322,282,566,662,161,545,614.0,353.0,96,384,360,684,136,561,522.0,348.5,324,425
kisi4video3,77,2.567,1088,720,453,520,268,299,486.5,283.5,67,31,571,632,273,303,601.5,288.0,61,30,501,588,292,407,544.5,349.5,87,115,483,597,432,465,540.0,448.5,114,33,405,526,305,425,465.5,365.0,121,120,560,660,282,450,610.0,366.0,100,168,413,569,164,327,491.0,245.5,156,163,412,672,327,538,542.0,432.5,260,211,362,683,261,542,522.5,401.5,321,281,569,663,163,543,616.0,353.0,94,380,362,685,137,558,523.5,347.5,323,421
kisi4video3,78,2.6,1088,720,456,524,267,299,490.0,283.0,68,32,574,636,273,304,605.0,288.5,62,31,506,593,291,406,549.5,348.5,87,115,487,601,432,467,544.0,449.5,114,35,407,531,303,427,469.0,365.0,124,124,564,662,282,449,613.0,365.5,98,167,417,574,161,328,495.5,244.5,157,167,417,670,327,538,543.5,432.5,253,211,366,682,262,542,524.0,402.0,316,280,572,665,163,543,618.5,353.0,93,380,365,687,135,559,526.0,347.0,322,424
kisi4video3,79,2.633,1088,720,460,529,267,299,494.5,283.0,69,32,579,640,273,304,609.5,288.5,61,31,510,599,292,407,554.5,349.5,89,115,493,604,431,466,548.5,448.5,111,35,411,536,304,428,473.5,366.0,125,124,569,665,282,450,617.0,366.0,96,168,421,579,161,328,500.0,244.5,158,167,420,670,327,539,545.0,433.0,250,212,368,682,262,543,525.0,402.5,314,281,576,665,163,543,620.5,353.0,89,380,367,688,135,560,527.5,347.5,321,425
kisi4video3,80,2.667,1088,720,466,534,267,299,500.0,283.0,68,32,583,644,273,304,613.5,288.5,61,31,516,604,294,405,560.0,349.5,88,111,498,609,431,465,553.5,448.0,111,34,415,542,305,426,478.5,365.5,127,121,574,667,283,450,620.5,366.5,93,167,426,585,165,327,505.5,246.0,159,162,421,671,328,541,546.0,434.5,250,213,371,683,264,544,527.0,404.0,312,280,581,667,166,544,624.0,355.0,86,378,371,689,137,562,530.0,349.5,318,425
kisi4video3,81,2.7,1088,720,472,539,267,300,505.5,283.5,67,33,588,647,274,304,617.5,289.0,59,30,520,609,293,408,564.5,350.5,89,115,502,612,432,465,557.0,448.5,110,33,419,546,304,428,482.5,366.0,127,124,578,671,282,451,624.5,366.5,93,169,431,590,166,328,510.5,247.0,159,162,424,673,327,541,548.5,434.0,249,214,373,686,263,545,529.5,404.0,313,282,584,671,166,545,627.5,355.5,87,379,372,694,138,562,533.0,350.0,322,424
kisi4video3,82,2.733,1088,720,478,545,268,300,511.5,284.0,67,32,594,651,275,304,622.5,289.5,57,29,527,616,293,408,571.5,350.5,89,115,508,617,432,466,562.5,449.0,109,34,423,553,305,429,488.0,367.0,130,124,585,673,283,451,629.0,367.0,88,168,435,597,166,328,516.0,247.0,162,162,428,672,329,541,550.0,435.0,244,212,374,686,264,544,530.0,404.0,312,280,587,672,167,544,629.5,355.5,85,377,373,695,138,562,534.0,350.0,322,424
kisi4video3,83,2.767,1088,720,483,551,269,301,517.0,285.0,68,32,599,656,275,305,627.5,290.0,57,30,533,622,295,409,577.5,352.0,89,114,512,621,431,466,566.5,448.5,109,35,427,558,306,430,492.5,368.0,131,124,591,676,284,450,633.5,367.0,85,166,440,603,169,329,521.5,249.0,163,160,432,674,328,542,553.0,435.0,242,214,378,688,265,545,533.0,405.0,310,280,592,676,169,544,634.0,356.5,84,375,377,699,142,562,538.0,352.0,322,420
kisi4video3,84,2.8,1088,720,489,558,269,301,523.5,285.0,69,32,603,660,276,305,631.5,290.5,57,29,540,629,295,409,584.5,352.0,89,114,519,626,433,466,572.5,449.5,107,33,430,566,306,431,498.0,368.5,136,125,596,679,284,452,637.5,368.0,83,168,444,611,169,330,527.5,249.5,167,161,435,675,329,542,555.0,435.5,240,213,378,689,265,545,533.5,405.0,311,280,595,678,169,544,636.5,356.5,83,375,377,701,142,562,539.0,352.0,324,420
kisi4video3,85,2.833,1088,720,496,564,270,301,530.0,285.5,68,31,609,664,276,305,636.5,290.5,55,29,549,635,295,410,592.0,352.5,86,115,526,632,433,467,579.0,450.0,106,34,436,574,306,432,505.0,369.0,138,126,603,682,284,451,642.5,367.5,79,167,450,619,169,330,534.5,249.5,169,161,439,677,327,544,558.0,435.5,238,217,381,691,265,545,536.0,405.0,310,280,602,682,170,544,642.0,357.0,80,374,380,706,142,563,543.0,352.5,326,421
kisi4video3,86,2.867,1088,720,503,572,270,302,537.5,286.0,69,32,616,669,276,306,642.5,291.0,53,30,558,644,295,410,601.0,352.5,86,115,533,638,432,468,585.5,450.0,105,36,443,583,307,433,513.0,370.0,140,126,611,684,285,451,647.5,368.0,73,166,458,627,170,331,542.5,250.5,169,161,444,675,329,543,559.5,436.0,231,214,385,689,266,546,537.0,406.0,304,280,606,684,171,545,645.0,358.0,78,374,383,708,142,563,545.5,352.5,325,421
kisi4video3,87,2.9,1088,720,512,580,270,303,546.0,286.5,68,33,621,673,276,307,647.0,291.5,52,31,567,652,297,408,609.5,352.5,85,111,540,646,432,468,593.0,450.0,106,36,450,591,307,433,520.5,370.0,141,126,618,685,286,449,651.5,367.5,67,163,466,635,173,331,550.5,252.0,169,158,450,675,330,543,562.5,436.5,225,213,389,690,268,544,539.5,406.0,301,276,611,687,175,542,649.0,358.5,76,367,387,710,145,563,548.5,354.0,323,418
kisi4video3,88,2.933,1088,720,523,587,272,302,555.0,287.0,64,30,629,678,277,305,653.5,291.0,49,28,576,659,296,407,617.5,351.5,83,111,549,653,432,467,601.0,449.5,104,35,458,600,307,434,529.0,370.5,142,127,626,687,286,449,656.5,367.5,61,163,475,643,175,331,559.0,253.0,168,156,456,674,331,543,565.0,437.0,218,212,395,689,270,543,542.0,406.5,294,273,619,688,177,542,653.5,359.5,69,365,393,711,147,563,552.0,355.0,318,416
kisi4video3,89,2.967,1088,720,532,595,272,304,563.5,288.0,63,32,636,683,276,306,659.5,291.0,47,30,586,665,298,407,625.5,352.5,79,109,559,657,432,467,608.0,449.5,98,35,466,608,308,437,537.0,372.5,142,129,633,688,287,449,660.5,368.0,55,162,484,651,177,332,567.5,254.5,167,155,463,671,330,544,567.0,437.0,208,214,400,685,269,544,542.5,406.5,285,275,626,689,177,543,657.5,360.0,63,366,397,711,149,564,554.0,356.5,314,415
kisi4video3,90,3.0,1088,720,539,601,273,305,570.0,289.0,62,32,641,686,277,306,663.5,291.5,45,29,593,673,297,406,633.0,351.5,80,109,567,663,431,467,615.0,449.0,96,36,473,615,308,437,544.0,372.5,142,129,638,691,286,448,664.5,367.0,53,162,490,657,178,333,573.5,255.5,167,155,471,670,328,541,570.5,434.5,199,213,405,686,269,542,545.5,405.5,281,273,632,692,179,538,662.0,358.5,60,359,402,713,152,560,557.5,356.0,311,408
kisi4video3,91,3.033,1088,720,548,610,275,306,579.0,290.5,62,31,648,692,278,307,670.0,292.5,44,29,604,683,299,408,643.5,353.5,79,109,576,670,431,467,623.0,449.0,94,36,481,627,309,439,554.0,374.0,146,130,646,694,287,447,670.0,367.0,48,160,499,668,182,334,583.5,258.0,169,152,482,665,327,539,573.5,433.0,183,212,411,682,268,541,546.5,404.5,271,273,638,694,181,536,666.0,358.5,56,355,408,715,154,558,561.5,356.0,307,404
kisi4video3,92,3.067,1088,720,556,618,274,305,587.0,289.5,62,31,653,695,277,306,674.0,291.5,42,29,613,692,299,408,652.5,353.5,79,109,587,676,430,465,631.5,447.5,89,35,489,636,309,439,562.5,374.0,147,130,652,696,287,446,674.0,366.5,44,159,508,675,183,333,591.5,258.0,167,150,490,670,327,539,580.0,433.0,180,212,417,682,268,541,549.5,404.5,265,273,641,696,182,534,668.5,358.0,55,352,413,718,154,558,565.5,356.0,305,404
kisi4video3,93,3.1,1088,720,564,625,273,304,594.5,288.5,61,31,659,699,278,307,679.0,292.5,40,29,619,698,298,407,658.5,352.5,79,109,590,679,431,466,634.5,448.5,89,35,494,642,308,437,568.0,372.5,148,129,658,700,286,447,679.0,366.5,42,161,515,684,184,332,599.5,258.0,169,148,490,670,329,537,580.0,433.0,180,208,419,683,270,539,551.0,404.5,264,269,640,701,185,534,670.5,359.5,61,349,414,725,155,555,569.5,355.0,311,400
kisi4video3,94,3.133,1088,720,569,628,271,303,598.5,287.0,59,32,661,701,278,307,681.0,292.5,40,29,626,703,296,405,664.5,350.5,77,109,599,685,430,464,642.0,447.0,86,34,500,647,307,436,573.5,371.5,147,129,662,700,286,448,681.0,367.0,38,162,521,688,180,331,604.5,255.5,167,151,499,672,327,536,585.5,431.5,173,209,426,680,268,538,553.0,403.0,254,270,638,703,180,533,670.5,356.5,65,353,421,726,151,555,573.5,353.0,305,404
kisi4video3,95,3.167,1088,720,577,636,272,303,606.5,287.5,59,31,667,706,277,306,686.5,291.5,39,29,633,710,297,406,671.5,351.5,77,109,602,689,429,465,645.5,447.0,87,36,506,654,307,435,580.0,371.0,148,128,664,705,285,446,684.5,365.5,41,161,526,694,182,330,610.0,256.0,168,148,501,677,326,535,589.0,430.5,176,209,424,685,267,537,554.5,402.0,261,270,640,708,181,533,674.0,357.0,68,352,419,732,153,553,575.5,353.0,313,400
kisi4video3,96,3.2,1088,720,582,639,271,302,610.5,286.5,57,31,669,705,275,304,687.0,289.5,36,29,637,715,295,404,676.0,349.5,78,109,610,693,427,464,651.5,445.5,83,37,511,659,305,434,585.0,369.5,148,129,666,705,283,444,685.5,363.5,39,161,531,697,181,329,614.0,255.0,166,148,509,681,324,533,595.0,428.5,172,209,431,687,265,536,559.0,400.5,256,271,643,708,180,529,675.5,354.5,65,349,426,731,153,551,578.5,352.0,305,398
kisi4video3,97,3.233,1088,720,587,645,271,303,616.0,287.0,58,32,675,713,276,306,694.0,291.0,38,30,643,719,296,404,681.0,350.0,76,108,613,697,427,463,655.0,445.0,84,36,516,664,306,435,590.0,370.5,148,129,671,712,284,446,691.5,365.0,41,162,535,703,183,330,619.0,256.5,168,147,511,684,332,534,597.5,433.0,173,202,432,693,272,536,562.5,404.0,261,264,648,715,184,532,681.5,358.0,67,348,427,739,154,553,583.0,353.5,312,399
kisi4video3,98,3.267,1088,720,591,648,271,303,619.5,287.0,57,32,675,711,275,304,693.0,289.5,36,29,644,722,294,403,683.0,348.5,78,109,619,697,426,462,658.0,444.0,78,36,518,666,306,436,592.0,371.0,148,130,669,711,283,444,690.0,363.5,42,161,537,703,180,330,620.0,255.0,166,150,517,687,325,535,602.0,430.0,170,210,435,694,265,537,564.5,401.0,259,272,644,713,178,531,678.5,354.5,69,353,431,736,151,554,583.5,352.5,305,403
kisi4video3,99,3.3,1088,720,597,653,271,301,625.0,286.0,56,30,681,716,275,303,698.5,289.0,35,28,650,727,294,401,688.5,347.5,77,107,624,702,425,463,663.0,444.0,78,38,524,672,305,434,598.0,369.5,148,129,675,715,282,444,695.0,363.0,40,162,543,709,183,328,626.0,255.5,166,145,520,692,332,534,606.0,433.0,172,202,441,695,271,536,568.0,403.5,254,265,652,717,184,531,684.5,357.5,65,347,436,740,154,553,588.0,353.5,304,399
kisi4video3,100,3.333,1088,720,598,654,271,302,626.0,286.5,56,31,679,715,276,306,697.0,291.0,36,30,651,730,294,402,690.5,348.0,79,108,626,702,426,463,664.0,444.5,76,37,523,672,305,434,597.5,369.5,149,129,667,713,284,444,690.0,364.0,46,160,543,710,181,329,626.5,255.0,167,148,519,692,326,534,605.5,430.0,173,208,439,692,266,536,565.5,401.0,253,270,640,716,179,532,678.0,355.5,76,353,434,738,153,552,586.0,352.5,304,399
kisi4video3,101,3.367,1088,720,601,657,273,303,629.0,288.0,56,30,681,716,278,307,698.5,292.5,35,29,653,733,295,403,693.0,349.0,80,108,631,704,424,460,667.5,442.0,73,36,527,675,306,433,601.0,369.5,148,127,668,714,285,444,691.0,364.5,46,159,546,712,180,329,629.0,254.5,166,149,522,694,327,534,608.0,430.5,172,207,442,693,266,536,567.5,401.0,251,270,639,715,178,532,677.0,355.0,76,354,437,737,150,553,587.0,351.5,300,403
kisi4video3,102,3.4,1088,720,605,660,272,302,632.5,287.0,55,30,684,719,276,304,701.5,290.0,35,28,656,735,294,401,695.5,347.5,79,107,633,707,424,462,670.0,443.0,74,38,530,677,305,434,603.5,369.5,147,129,671,717,283,445,694.0,364.0,46,162,550,712,182,329,631.0,255.5,162,147,525,697,329,533,611.0,431.0,172,204,445,695,268,537,570.0,402.5,250,269,642,717,181,533,679.5,357.0,75,352,441,738,154,552,589.5,353.0,297,398
kisi4video3,103,3.433,1088,720,607,661,271,301,634.0,286.0,54,30,686,720,275,303,703.0,289.0,34,28,659,737,294,401,698.0,347.5,78,107,634,708,423,460,671.0,441.5,74,37,532,680,305,434,606.0,369.5,148,129,673,718,283,444,695.5,363.5,45,161,553,714,182,328,633.5,255.0,161,146,527,698,329,533,612.5,431.0,171,204,446,698,266,536,572.0,401.0,252,270,643,720,181,530,681.5,355.5,77,349,441,743,153,552,592.0,352.5,302,399
kisi4video3,104,3.467,1088,720,611,663,273,301,637.0,287.0,52,28,687,718,273,301,702.5,287.0,31,28,662,738,292,400,700.0,346.0,76,108,636,709,422,460,672.5,441.0,73,38,533,682,304,434,607.5,369.0,149,130,675,719,279,445,697.0,362.0,44,166,556,716,179,328,636.0,253.5,160,149,527,700,330,534,613.5,432.0,173,204,449,699,266,537,574.0,401.5,250,271,649,718,178,533,683.5,355.5,69,355,445,741,150,554,593.0,352.0,296,404
kisi4video3,105,3.5,1088,720,613,664,273,301,638.5,287.0,51,28,688,718,273,301,703.0,287.0,30,28,664,740,292,400,702.0,346.0,76,108,636,709,422,460,672.5,441.0,73,38,534,684,303,433,609.0,368.0,150,130,674,719,279,445,696.5,362.0,45,166,558,718,178,328,638.0,253.0,160,150,525,701,332,534,613.0,433.0,176,202,449,698,267,537,573.5,402.0,249,270,649,717,177,534,683.0,355.5,68,357,445,742,149,554,593.5,351.5,297,405
kisi4video3,106,3.533,1088,720,613,663,273,300,638.0,286.5,50,27,687,716,273,300,701.5,286.5,29,27,664,740,292,401,702.0,346.5,76,109,637,707,423,460,672.0,441.5,70,37,534,685,303,432,609.5,367.5,151,129,672,717,278,446,694.5,362.0,45,168,559,718,179,327,638.5,253.0,159,148,524,697,332,535,610.5,433.5,173,203,450,694,267,538,572.0,402.5,244,271,647,716,178,536,681.5,357.0,69,358,445,741,149,555,593.0,352.0,296,406
kisi4video3,107,3.567,1088,720,613,663,272,299,638.0,285.5,50,27,689,717,271,297,703.0,284.0,28,26,664,740,291,399,702.0,345.0,76,108,637,710,420,459,673.5,439.5,73,39,535,685,301,431,610.0,366.0,150,130,674,718,276,444,696.0,360.0,44,168,559,718,178,326,638.5,252.0,159,148,524,700,329,536,612.0,432.5,176,207,451,695,265,538,573.0,401.5,244,273,650,717,176,535,683.5,355.5,67,359,446,742,149,555,594.0,352.0,296,406
kisi4video3,108,3.6,1088,720,613,663,271,298,638.0,284.5,50,27,688,717,271,297,702.5,284.0,29,26,666,740,290,398,703.0,344.0,74,108,637,710,420,459,673.5,439.5,73,39,536,686,301,431,611.0,366.0,150,130,674,719,276,444,696.5,360.0,45,168,559,717,177,325,638.0,251.0,158,148,527,700,331,534,613.5,432.5,173,203,453,697,266,537,575.0,401.5,244,271,650,717,177,534,683.5,355.5,67,357,448,740,148,554,594.0,351.0,292,406
kisi4video3,109,3.633,1088,720,613,663,269,297,638.0,283.0,50,28,687,716,269,296,701.5,282.5,29,27,666,741,289,398,703.5,343.5,75,109,637,710,419,457,673.5,438.0,73,38,535,686,300,431,610.5,365.5,151,131,674,718,275,443,696.0,359.0,44,168,560,717,176,324,638.5,250.0,157,148,525,701,330,534,613.0,432.0,176,204,452,696,265,536,574.0,400.5,244,271,649,717,176,533,683.0,354.5,68,357,447,741,147,554,594.0,350.5,294,407
kisi4video3,110,3.667,1088,720,613,663,268,297,638.0,282.5,50,29,687,716,269,297,701.5,283.0,29,28,665,739,289,397,702.0,343.0,74,108,639,709,418,455,674.0,436.5,70,37,538,685,300,431,611.5,365.5,147,131,678,719,276,442,698.5,359.0,41,166,561,718,177,324,639.5,250.5,157,147,529,700,331,531,614.5,431.0,171,200,454,698,268,533,576.0,400.5,244,265,655,717,177,530,686.0,353.5,62,353,449,742,148,551,595.5,349.5,293,403
kisi4video3,111,3.7,1088,720,614,664,269,297,639.0,283.0,50,28,689,717,268,294,703.0,281.0,28,26,664,740,287,395,702.0,341.0,76,108,637,710,418,456,673.5,437.0,73,38,534,685,298,428,609.5,363.0,151,130,675,719,273,442,697.0,357.5,44,169,558,717,178,323,637.5,250.5,159,145,524,701,330,534,612.5,432.0,177,204,449,699,266,536,574.0,401.0,250,270,650,718,177,533,684.0,355.0,68,356,445,740,148,554,592.5,351.0,295,406
kisi4video3,112,3.733,1088,720,615,664,269,296,639.5,282.5,49,27,689,717,268,294,703.0,281.0,28,26,665,740,287,394,702.5,340.5,75,107,639,709,418,456,674.0,437.0,70,38,534,685,298,427,609.5,362.5,151,129,673,718,273,443,695.5,358.0,45,170,558,717,177,322,637.5,249.5,159,145,525,701,331,533,613.0,432.0,176,202,449,699,268,534,574.0,401.0,250,266,648,718,177,533,683.0,355.0,70,356,445,741,148,553,593.0,350.5,296,405
kisi4video3,113,3.767,1088,720,614,663,268,296,638.5,282.0,49,28,687,717,268,294,702.0,281.0,30,26,664,739,287,395,701.5,341.0,75,108,638,708,418,458,673.0,438.0,70,40,533,684,298,428,608.5,363.0,151,130,669,717,273,443,693.0,358.0,48,170,558,717,180,321,637.5,250.5,159,141,522,700,331,533,611.0,432.0,178,202,449,697,267,536,573.0,401.5,248,269,642,717,178,534,679.5,356.0,75,356,445,741,149,553,593.0,351.0,296,404
kisi4video3,114,3.8,1088,720,615,663,269,297,639.0,283.0,48,28,687,715,269,295,701.0,282.0,28,26,663,739,289,397,701.0,343.0,76,108,635,709,419,458,672.0,438.5,74,39,533,684,300,428,608.5,364.0,151,128,664,715,274,444,689.5,359.0,51,170,559,718,181,323,638.5,252.0,159,142,522,698,330,533,610.0,431.5,176,203,450,694,266,535,572.0,400.5,244,269,633,717,178,534,675.0,356.0,84,356,445,741,149,553,593.0,351.0,296,404
kisi4video3,115,3.833,1088,720,614,664,266,295,639.0,280.5,50,29,686,715,268,296,700.5,282.0,29,28,664,741,287,396,702.5,341.5,77,109,636,709,418,456,672.5,437.0,73,38,533,684,298,428,608.5,363.0,151,130,668,714,274,443,691.0,358.5,46,169,557,717,176,322,637.0,249.0,160,146,522,700,329,531,611.0,430.0,178,202,447,695,265,534,571.0,399.5,248,269,639,716,175,531,677.5,353.0,77,356,443,738,146,551,590.5,348.5,295,405
kisi4video3,116,3.867,1088,720,609,662,267,296,635.5,281.5,53,29,685,716,269,297,700.5,283.0,31,28,661,739,288,395,700.0,341.5,78,107,636,709,420,457,672.5,438.5,73,37,531,681,299,429,606.0,364.0,150,130,671,715,277,440,693.0,358.5,44,163,554,714,180,322,634.0,251.0,160,142,522,700,328,528,611.0,428.0,178,200,442,697,267,531,569.5,399.0,255,264,645,715,178,527,680.0,352.5,70,349,437,739,150,547,588.0,348.5,302,397
kisi4video3,117,3.9,1088,720,602,656,268,298,629.0,283.0,54,30,679,712,271,298,695.5,284.5,33,27,654,732,288,396,693.0,342.0,78,108,632,706,420,458,669.0,439.0,74,38,528,675,300,435,601.5,367.5,147,135,672,714,278,441,693.0,359.5,42,163,548,709,175,325,628.5,250.0,161,150,525,696,328,531,610.5,429.5,171,203,442,697,264,535,569.5,399.5,255,271,646,713,174,529,679.5,351.5,67,355,438,735,146,551,586.5,348.5,297,405
kisi4video3,118,3.933,1088,720,592,647,267,297,619.5,282.0,55,30,674,708,271,298,691.0,284.5,34,27,647,726,287,397,686.5,342.0,79,110,626,702,420,458,664.0,439.0,76,38,519,668,300,435,593.5,367.5,149,135,669,711,278,438,690.0,358.0,42,160,539,702,173,325,620.5,249.0,163,152,522,694,325,532,608.0,428.5,172,207,435,697,264,535,566.0,399.5,262,271,643,709,173,527,676.0,350.0,66,354,431,731,144,551,581.0,347.5,300,407
kisi4video3,119,3.967,1088,720,580,641,265,295,610.5,280.0,61,30,671,709,270,297,690.0,283.5,38,27,639,718,289,398,678.5,343.5,79,109,612,696,423,459,654.0,441.0,84,36,510,660,300,429,585.0,364.5,150,129,670,710,277,439,690.0,358.0,40,162,528,698,175,323,613.0,249.0,170,148,509,686,325,529,597.5,427.0,177,204,430,693,266,531,561.5,398.5,263,265,647,712,177,526,679.5,351.5,65,349,425,736,146,549,580.5,347.5,311,403
kisi4video3,120,4.0,1088,720,567,630,264,296,598.5,280.0,63,32,662,703,270,298,682.5,284.0,41,28,627,707,288,398,667.0,343.0,80,110,601,688,424,459,644.5,441.5,87,35,498,649,300,431,573.5,365.5,151,131,663,706,278,440,684.5,359.0,43,162,516,688,171,323,602.0,247.0,172,152,500,681,323,532,590.5,427.5,181,209,421,691,264,534,556.0,399.0,270,270,646,707,173,529,676.5,351.0,61,356,417,731,143,551,574.0,347.0,314,408
kisi4video3,121,4.033,1088,720,556,621,262,294,588.5,278.0,65,32,655,701,268,298,678.0,283.0,46,30,614,697,287,398,655.5,342.5,83,111,587,682,423,458,634.5,440.5,95,35,488,638,299,429,563.0,364.0,150,130,655,704,275,442,679.5,358.5,49,167,506,679,168,323,592.5,245.5,173,155,488,676,325,533,582.0,429.0,188,208,414,694,264,534,554.0,399.0,280,270,648,705,172,530,676.5,351.0,57,358,411,728,139,553,569.5,346.0,317,414
kisi4video3,122,4.067,1088,720,543,610,261,294,576.5,277.5,67,33,647,696,267,298,671.5,282.5,49,31,601,684,286,397,642.5,341.5,83,111,575,673,423,459,624.0,441.0,98,36,478,625,298,429,551.5,363.5,147,131,645,699,275,442,672.0,358.5,54,167,496,667,166,323,581.5,244.5,171,157,477,677,325,536,577.0,430.5,200,211,409,693,264,537,551.0,400.5,284,273,641,701,169,534,671.0,351.5,60,365,406,723,137,556,564.5,346.5,317,419
kisi4video3,123,4.1,1088,720,531,600,261,294,565.5,277.5,69,33,639,690,269,299,664.5,284.0,51,30,589,674,285,399,631.5,342.0,85,114,561,666,427,461,613.5,444.0,105,34,466,614,298,428,540.0,363.0,148,130,637,697,275,445,667.0,360.0,60,170,485,656,164,322,570.5,243.0,171,158,465,682,327,539,573.5,433.0,217,212,402,697,265,540,549.5,402.5,295,275,632,697,166,540,664.5,353.0,65,374,399,721,134,560,560.0,347.0,322,426
kisi4video3,124,4.133,1088,720,521,590,261,294,555.5,277.5,69,33,631,683,270,300,657.0,285.0,52,30,578,664,286,401,621.0,343.5,86,115,550,657,428,463,603.5,445.5,107,35,457,603,299,428,530.0,363.5,146,129,628,693,277,447,660.5,362.0,65,170,476,647,163,322,561.5,242.5,171,159,458,680,329,541,569.0,435.0,222,212,397,694,264,543,545.5,403.5,297,279,623,693,166,542,658.0,354.0,70,376,394,718,133,562,556.0,347.5,324,429
kisi4video3,125,4.167,1088,720,512,581,260,294,546.5,277.0,69,34,625,679,270,300,652.0,285.0,54,30,566,655,286,402,610.5,344.0,89,116,540,648,429,463,594.0,446.0,108,34,450,592,299,428,521.0,363.5,142,129,621,690,277,449,655.5,363.0,69,172,467,638,161,322,552.5,241.5,171,161,449,681,331,540,565.0,435.5,232,209,390,696,267,542,543.0,404.5,306,275,614,692,165,543,653.0,354.0,78,378,388,716,131,561,552.0,346.0,328,430
kisi4video3,126,4.2,1088,720,504,573,261,292,538.5,276.5,69,31,619,674,271,300,646.5,285.5,55,29,558,646,286,401,602.0,343.5,88,115,532,642,428,462,587.0,445.0,110,34,444,583,298,426,513.5,362.0,139,128,613,689,277,449,651.0,363.0,76,172,459,631,161,321,545.0,241.0,172,160,442,681,330,541,561.5,435.5,239,211,385,697,265,544,541.0,404.5,312,279,606,692,165,544,649.0,354.5,86,379,383,716,131,562,549.5,346.5,333,431
kisi4video3,127,4.233,1088,720,498,567,261,292,532.5,276.5,69,31,613,670,271,300,641.5,285.5,57,29,550,639,286,401,594.5,343.5,89,115,524,635,428,461,579.5,444.5,111,33,438,576,298,426,507.0,362.0,138,128,607,686,277,449,646.5,363.0,79,172,452,624,160,321,538.0,240.5,172,161,438,680,330,540,559.0,435.0,242,210,382,696,267,543,539.0,405.0,314,276,601,689,165,543,645.0,354.0,88,378,380,713,131,561,546.5,346.0,333,430
kisi4video3,128,4.267,1088,720,492,561,261,292,526.5,276.5,69,31,608,665,272,300,636.5,286.0,57,28,542,632,286,402,587.0,344.0,90,116,518,629,429,461,573.5,445.0,111,32,433,569,298,426,501.0,362.0,136,128,602,682,277,450,642.0,363.5,80,173,447,617,160,321,532.0,240.5,170,161,434,677,331,541,555.5,436.0,243,210,379,692,267,543,535.5,405.0,313,276,597,684,164,544,640.5,354.0,87,380,377,708,129,563,542.5,346.0,331,434
kisi4video3,129,4.3,1088,720,487,556,261,292,521.5,276.5,69,31,603,661,270,299,632.0,284.5,58,29,537,627,285,402,582.0,343.5,90,117,512,627,429,461,569.5,445.0,115,32,429,564,298,426,496.5,362.0,135,128,595,681,276,449,638.0,362.5,86,173,442,610,159,321,526.0,240.0,168,162,431,679,330,541,555.0,435.5,248,211,377,692,264,544,534.5,404.0,315,280,594,681,162,545,637.5,353.5,87,383,376,704,129,563,540.0,346.0,328,434
kisi4video3,130,4.333,1088,720,482,551,261,293,516.5,277.0,69,32,600,658,270,299,629.0,284.5,58,29,532,621,286,402,576.5,344.0,89,116,510,620,429,462,565.0,445.5,110,33,426,557,298,425,491.5,361.5,131,127,591,678,277,450,634.5,363.5,87,173,438,605,159,322,521.5,240.5,167,163,428,676,330,542,552.0,436.0,248,212,376,690,264,546,533.0,405.0,314,282,589,678,161,546,633.5,353.5,89,385,375,701,129,564,538.0,346.5,326,435
kisi4video3,131,4.367,1088,720,476,545,262,293,510.5,277.5,69,31,594,654,270,300,624.0,285.0,60,30,526,615,287,403,570.5,345.0,89,116,503,617,430,463,560.0,446.5,114,33,422,552,299,425,487.0,362.0,130,126,586,676,278,450,631.0,364.0,90,172,433,599,159,322,516.0,240.5,166,163,425,677,330,541,551.0,435.5,252,211,374,690,264,545,532.0,404.5,316,281,583,677,161,546,630.0,353.5,94,385,373,699,129,563,536.0,346.0,326,434
kisi4video3,132,4.4,1088,720,471,540,262,293,505.5,277.5,69,31,590,650,271,301,620.0,286.0,60,30,521,610,288,404,565.5,346.0,89,116,499,613,431,464,556.0,447.5,114,33,418,547,299,425,482.5,362.0,129,126,580,673,278,450,626.5,364.0,93,172,430,593,160,322,511.5,241.0,163,162,421,675,329,541,548.0,435.0,254,212,371,688,264,545,529.5,404.5,317,281,580,675,162,546,627.5,354.0,95,384,370,697,131,562,533.5,346.5,327,431
kisi4video3,133,4.433,1088,720,466,534,263,294,500.0,278.5,68,31,585,646,271,302,615.5,286.5,61,31,515,604,288,404,559.5,346.0,89,116,493,609,432,466,551.0,449.0,116,34,414,541,300,425,477.5,362.5,127,125,575,671,279,451,623.0,365.0,96,172,425,587,162,323,506.0,242.5,162,161,417,677,330,543,547.0,436.5,260,213,369,690,264,547,529.5,405.5,321,283,578,673,163,548,625.5,355.5,95,385,369,695,133,564,532.0,348.5,326,431
kisi4video3,134,4.467,1088,720,462,531,265,296,496.5,280.5,69,31,581,643,272,303,612.0,287.5,62,31,511,599,290,406,555.0,348.0,88,116,490,605,432,466,547.5,449.0,115,34,411,537,301,426,474.0,363.5,126,125,571,669,280,451,620.0,365.5,98,171,422,582,162,325,502.0,243.5,160,163,416,676,328,545,546.0,436.5,260,217,367,689,263,548,528.0,405.5,322,285,575,672,162,549,623.5,355.5,97,387,367,694,132,566,530.5,349.0,327,434
kisi4video3,135,4.5,1088,720,458,526,267,297,492.0,282.0,68,30,577,639,274,304,608.0,289.0,62,30,506,594,292,408,550.0,350.0,88,116,486,601,434,467,543.5,450.5,115,33,407,532,302,426,469.5,364.0,125,124,566,667,282,453,616.5,367.5,101,171,418,577,163,326,497.5,244.5,159,163,413,677,331,545,545.0,438.0,264,214,365,689,265,549,527.0,407.0,324,284,571,670,164,550,620.5,357.0,99,386,365,692,135,566,528.5,350.5,327,431
kisi4video3,136,4.533,1088,720,454,521,268,298,487.5,283.0,67,30,573,635,277,305,604.0,291.0,62,28,500,588,294,410,544.0,352.0,88,116,480,596,435,469,538.0,452.0,116,34,403,527,303,427,465.0,365.0,124,124,561,666,284,455,613.5,369.5,105,171,414,573,162,328,493.5,245.0,159,166,409,679,331,548,544.0,439.5,270,217,363,690,266,551,526.5,408.5,327,285,566,671,164,552,618.5,358.0,105,388,362,693,134,569,527.5,351.5,331,435
kisi4video3,137,4.567,1088,720,450,518,269,300,484.0,284.5,68,31,569,632,278,307,600.5,292.5,63,29,495,583,296,412,539.0,354.0,88,116,475,591,435,471,533.0,453.0,116,36,402,521,304,428,461.5,366.0,119,124,557,663,285,457,610.0,371.0,106,172,411,568,166,328,489.5,247.0,157,162,406,678,333,551,542.0,442.0,272,218,362,689,266,556,525.5,411.0,327,290,562,670,166,556,616.0,361.0,108,390,361,692,136,572,526.5,354.0,331,436
kisi4video3,138,4.6,1088,720,446,514,270,300,480.0,285.0,68,30,566,629,279,308,597.5,293.5,63,29,492,579,297,413,535.5,355.0,87,116,473,589,437,472,531.0,454.5,116,35,399,518,307,428,458.5,367.5,119,121,553,662,287,459,607.5,373.0,109,172,407,564,167,329,485.5,248.0,157,162,404,678,335,553,541.0,444.0,274,218,361,689,268,558,525.0,413.0,328,290,560,669,168,558,614.5,363.0,109,390,360,691,138,574,525.5,356.0,331,436
kisi4video3,139,4.633,1088,720,444,511,271,301,477.5,286.0,67,30,564,627,280,309,595.5,294.5,63,29,490,576,300,414,533.0,357.0,86,114,471,586,437,473,528.5,455.0,115,36,398,516,307,428,457.0,367.5,118,121,550,660,288,460,605.0,374.0,110,172,406,561,170,330,483.5,250.0,155,160,403,678,335,554,540.5,444.5,275,219,359,690,269,559,524.5,414.0,331,290,559,669,169,559,614.0,364.0,110,390,359,691,141,575,525.0,358.0,332,434
kisi4video3,140,4.667,1088,720,444,511,272,302,477.5,287.0,67,30,563,626,280,310,594.5,295.0,63,30,488,575,300,415,531.5,357.5,87,115,470,586,437,473,528.0,455.0,116,36,397,514,308,429,455.5,368.5,117,121,550,659,289,460,604.5,374.5,109,171,405,560,169,331,482.5,250.0,155,162,403,677,335,555,540.0,445.0,274,220,359,687,269,559,523.0,414.0,328,290,558,667,169,559,612.5,364.0,109,390,358,689,140,576,523.5,358.0,331,436
kisi4video3,141,4.7,1088,720,444,509,272,303,476.5,287.5,65,31,563,625,281,310,594.0,295.5,62,29,488,574,300,415,531.0,357.5,86,115,469,586,437,473,527.5,455.0,117,36,396,514,308,429,455.0,368.5,118,121,550,659,289,459,604.5,374.0,109,170,405,560,169,331,482.5,250.0,155,162,402,675,335,554,538.5,444.5,273,219,357,688,270,557,522.5,413.5,331,287,556,667,169,558,611.5,363.5,111,389,357,689,140,575,523.0,357.5,332,435
kisi4video3,142,4.733,1088,720,443,509,273,303,476.0,288.0,66,30,562,624,281,310,593.0,295.5,62,29,488,574,300,416,531.0,358.0,86,116,469,586,437,473,527.5,455.0,117,36,395,513,309,429,454.0,369.0,118,120,549,658,289,459,603.5,374.0,109,170,404,559,169,332,481.5,250.5,155,163,402,674,334,554,538.0,444.0,272,220,358,685,268,558,521.5,413.0,327,290,557,666,168,558,611.5,363.0,109,390,357,688,140,575,522.5,357.5,331,435
kisi4video3,143,4.767,1088,720,443,508,274,303,475.5,288.5,65,29,561,623,281,310,592.0,295.5,62,29,487,574,300,416,530.5,358.0,87,116,468,586,437,473,527.0,455.0,118,36,395,513,309,429,454.0,369.0,118,120,548,657,289,459,602.5,374.0,109,170,404,556,170,332,480.0,251.0,152,162,401,673,334,553,537.0,443.5,272,219,357,684,268,558,520.5,413.0,327,290,557,664,169,558,610.5,363.5,107,389,357,685,142,573,521.0,357.5,328,431
kisi4video3,144,4.8,1088,720,442,508,275,304,475.0,289.5,66,29,560,623,282,310,591.5,296.0,63,28,487,574,301,417,530.5,359.0,87,116,468,585,437,474,526.5,455.5,117,37,395,512,309,430,453.5,369.5,117,121,547,656,290,459,601.5,374.5,109,169,404,556,170,332,480.0,251.0,152,162,401,673,333,555,537.0,444.0,272,222,357,683,268,559,520.0,413.5,326,291,557,663,169,559,610.0,364.0,106,390,357,684,141,576,520.5,358.5,327,435
kisi4video3,145,4.833,1088,720,442,508,275,304,475.0,289.5,66,29,560,623,282,310,591.5,296.0,63,28,486,574,301,416,530.0,358.5,88,115,468,586,438,473,527.0,455.5,118,35,395,512,310,430,453.5,370.0,117,120,547,655,290,458,601.0,374.0,108,168,404,556,171,333,480.0,252.0,152,162,401,672,333,553,536.5,443.0,271,220,357,682,268,558,519.5,413.0,325,290,557,662,169,558,609.5,363.5,105,389,357,683,143,573,520.0,358.0,326,430
kisi4video3,146,4.867,1088,720,442,509,275,304,475.5,289.5,67,29,560,623,282,310,591.5,296.0,63,28,487,574,301,417,530.5,359.0,87,116,468,586,438,473,527.0,455.5,118,35,395,512,310,430,453.5,370.0,117,120,547,655,290,459,601.0,374.5,108,169,404,556,171,333,480.0,252.0,152,162,401,671,333,554,536.0,443.5,270,221,357,682,268,559,519.5,413.5,325,291,557,662,169,559,609.5,364.0,105,390,357,683,143,574,520.0,358.5,326,431
kisi4video3,147,4.9,1088,720,442,509,275,304,475.5,289.5,67,29,560,623,282,310,591.5,296.0,63,28,487,574,301,417,530.5,359.0,87,116,468,586,438,473,527.0,455.5,118,35,395,512,310,430,453.5,370.0,117,120,547,655,290,459,601.0,374.5,108,169,404,556,171,333,480.0,252.0,152,162,401,671,333,554,536.0,443.5,270,221,357,682,268,559,519.5,413.5,325,291,557,662,169,559,609.5,364.0,105,390,357,683,143,574,520.0,358.5,326,431
kisi4video3,148,4.933,1088,720,443,509,275,305,476.0,290.0,66,30,561,623,282,310,592.0,296.0,62,28,488,575,301,417,531.5,359.0,87,116,469,586,439,474,527.5,456.5,117,35,395,513,310,430,454.0,370.0,118,120,548,655,290,459,601.5,374.5,107,169,405,557,170,333,481.0,251.5,152,163,401,671,333,555,536.0,444.0,270,222,357,681,267,559,519.0,413.0,324,292,557,662,169,559,609.5,364.0,105,390,357,683,142,576,520.0,359.0,326,434
kisi4video3,149,4.967,1088,720,442,509,275,305,475.5,290.0,67,30,560,623,282,310,591.5,296.0,63,28,487,575,301,417,531.0,359.0,88,116,469,586,438,473,527.5,455.5,117,35,395,513,310,430,454.0,370.0,118,120,548,655,290,458,601.5,374.0,107,168,403,558,171,333,480.5,252.0,155,162,401,670,333,554,535.5,443.5,269,221,357,680,267,558,518.5,412.5,323,291,557,661,169,558,609.0,363.5,104,389,357,682,143,574,519.5,358.5,325,431
kisi4video3,150,5.0,1088,720,442,509,275,305,475.5,290.0,67,30,560,623,282,310,591.5,296.0,63,28,487,575,301,416,531.0,358.5,88,115,468,586,437,473,527.0,455.0,118,36,395,513,310,430,454.0,370.0,118,120,548,655,290,458,601.5,374.0,107,168,403,558,171,333,480.5,252.0,155,162,402,668,333,553,535.0,443.0,266,220,357,680,269,556,518.5,412.5,323,287,557,661,170,557,609.0,363.5,104,387,357,682,143,573,519.5,358.0,325,430
kisi4video3,151,5.033,1088,720,442,509,276,305,475.5,290.5,67,29,561,623,282,311,592.0,296.5,62,29,487,575,301,417,531.0,359.0,88,116,469,586,438,474,527.5,456.0,117,36,395,513,310,430,454.0,370.0,118,120,548,654,290,458,601.0,374.0,106,168,403,558,171,333,480.5,252.0,155,162,402,668,333,554,535.0,443.5,266,221,356,680,268,559,518.0,413.5,324,291,557,661,170,558,609.0,364.0,104,388,356,682,143,574,519.0,358.5,326,431
kisi4video3,152,5.067,1088,720,442,508,275,305,475.0,290.0,66,30,560,622,282,311,591.0,296.5,62,29,487,575,301,417,531.0,359.0,88,116,468,586,438,474,527.0,456.0,118,36,394,513,310,430,453.5,370.0,119,120,548,654,290,459,601.0,374.5,106,169,403,558,171,333,480.5,252.0,155,162,402,668,333,554,535.0,443.5,266,221,357,679,268,558,518.0,413.0,322,290,556,660,170,558,608.0,364.0,104,388,357,681,143,574,519.0,358.5,324,431
kisi4video3,153,5.1,1088,720,442,508,275,305,475.0,290.0,66,30,559,622,282,311,590.5,296.5,63,29,487,574,301,417,530.5,359.0,87,116,469,585,438,474,527.0,456.0,116,36,394,513,310,430,453.5,370.0,119,120,547,654,290,459,600.5,374.5,107,169,404,556,170,333,480.0,251.5,152,163,402,668,333,554,535.0,443.5,266,221,356,680,268,558,518.0,413.0,324,290,556,661,170,558,608.5,364.0,105,388,356,682,143,574,519.0,358.5,326,431
kisi4video3,154,5.133,1088,720,442,507,280,307,474.5,293.5,65,27,560,620,287,312,590.0,299.5,60,25,486,574,303,418,530.0,360.5,88,115,469,585,439,475,527.0,457.0,116,36,394,512,312,431,453.0,371.5,118,119,547,653,292,460,600.0,376.0,106,168,404,556,173,335,480.0,254.0,152,162,402,668,335,556,535.0,445.5,266,221,356,679,270,560,517.5,415.0,323,290,557,658,172,560,607.5,366.0,101,388,356,680,145,576,518.0,360.5,324,431
kisi4video3,155,5.167,1088,720,435,508,293,310,471.5,301.5,73,17,560,623,298,318,591.5,308.0,63,20,487,573,304,418,530.0,361.0,86,114,468,585,439,475,526.5,457.0,117,36,395,512,314,432,453.5,373.0,117,118,547,652,293,461,599.5,377.0,105,168,403,555,177,338,479.0,257.5,152,161,402,667,340,553,534.5,446.5,265,213,356,679,276,558,517.5,417.0,323,282,555,659,178,558,607.0,368.0,104,380,356,680,149,574,518.0,361.5,324,425
kisi4video3,156,5.2,1088,720,434,507,292,309,470.5,300.5,73,17,560,624,297,317,592.0,307.0,64,20,486,574,305,416,530.0,360.5,88,111,468,585,439,475,526.5,457.0,117,36,394,511,313,431,452.5,372.0,117,118,547,652,292,461,599.5,376.5,105,169,401,556,177,337,478.5,257.0,155,160,402,667,340,553,534.5,446.5,265,213,355,678,276,558,516.5,417.0,323,282,555,659,178,557,607.0,367.5,104,379,355,680,149,574,517.5,361.5,325,425
kisi4video3,157,5.233,1088,720,437,506,289,306,471.5,297.5,69,17,561,623,294,313,592.0,303.5,62,19,485,573,302,417,529.0,359.5,88,115,468,584,438,474,526.0,456.0,116,36,394,511,311,430,452.5,370.5,117,119,547,652,290,460,599.5,375.0,105,170,401,556,174,334,478.5,254.0,155,160,401,667,337,555,534.0,446.0,266,218,356,678,274,558,517.0,416.0,322,284,555,659,174,559,607.0,366.5,104,385,356,680,146,575,518.0,360.5,324,429
kisi4video3,158,5.267,1088,720,441,506,282,306,473.5,294.0,65,24,560,620,288,312,590.0,300.0,60,24,485,573,301,417,529.0,359.0,88,116,468,584,438,473,526.0,455.5,116,35,394,511,311,430,452.5,370.5,117,119,547,653,290,459,600.0,374.5,106,169,403,555,172,334,479.0,253.0,152,162,402,668,335,554,535.0,444.5,266,219,356,679,271,558,517.5,414.5,323,287,555,659,172,558,607.0,365.0,104,386,356,680,145,574,518.0,359.5,324,429
